date,l1c_product_id,cloud_pct,tropomi_n_images,uvai_mean,uvai_max
2020-01-06,20200106T073209_20200106T073209_T38RPN,0.156738033384096,14,-1.0226312272694251,-0.9939404528346194
2020-01-11,20200111T073251_20200111T073252_T38RPN,0.013437248051599,14,-0.3487185514166301,-0.2878079312140725
2020-01-16,20200116T073139_20200116T074024_T38RPN,0.6891,14,-0.30998670413156576,-0.30895671248435974
2020-01-21,20200121T073221_20200121T073219_T38RPN,1.6047,14,-0.27492172665025555,-0.2723809480667114
2020-01-26,20200126T073059_20200126T073934_T38RPN,3.8243,15,-0.44753909653780344,-0.4317658245563507
2020-01-31,20200131T073131_20200131T073131_T38RPN,0,15,-0.10271231323665511,-0.08345619589090347
2020-02-15,20200215T073009_20200215T073205_T38RPN,0,14,-0.3181253784204282,-0.29858020823231235
2020-03-01,20200301T072821_20200301T073633_T38RPN,0,14,0.826416699112871,0.8332582712173462
2020-03-06,20200306T072749_20200306T073328_T38RPN,0,14,0.6057125138519434,0.6565089225769043
2020-03-16,20200316T072639_20200316T073813_T38RPN,0,14,0.5062680946108457,0.5177289247512817
2020-03-21,20200321T072611_20200321T073926_T38RPN,0,14,0.9059030268762601,0.9646256566047668
2020-03-26,20200326T072619_20200326T074241_T38RPN,0,14,2.102100719528121,2.1828804161886985
2020-03-31,20200331T072611_20200331T073205_T38RPN,0,14,0.46457211652119046,0.4996439516544342
2020-04-05,20200405T072609_20200405T073256_T38RPN,0.3022,15,0.4494931037896622,0.45446298627096354
2020-04-10,20200410T072611_20200410T073912_T38RPN,2.9129,15,0.8709943503604302,0.8850321769714355
2020-04-25,20200425T072609_20200425T073431_T38RPN,0.023,14,0.22960697615621162,0.2318260222673416
2020-05-17,20200517T071621_20200517T072346_T38RPN,4.3714,13,0.14090552570121503,0.1951374039053395
2020-05-25,20200525T072619_20200525T073434_T38RPN,3.9242,14,1.1176090701002124,1.1246913671496768
2020-05-27,20200527T071621_20200527T073129_T38RPN,2.1379,14,-0.1416697033578337,-0.08966014534232604
2020-05-30,20200530T072621_20200530T073207_T38RPN,0.1883,14,0.823222593581706,0.95904433727292
2020-06-04,20200604T072619_20200604T073435_T38RPN,0.1771,14,0.7943526441813613,0.843583822250609
2020-06-06,20200606T071621_20200606T073226_T38RPN,1.3528,14,0.6194721737784797,0.6516731569116376
2020-06-09,20200609T072621_20200609T073925_T38RPN,0.2184,14,1.3120578036601662,1.3155547658956614
2020-06-14,20200614T072619_20200614T074238_T38RPN,0.6169,14,0.44654802132753385,0.47422471642507846
2020-06-19,20200619T072621_20200619T074130_T38RPN,0.2889,14,0.5256658337860126,0.5303067564966056
2020-06-24,20200624T072619_20200624T073432_T38RPN,0.2007,15,0.4106203678821429,0.42134886980070757
2020-06-29,20200629T072621_20200629T073206_T38RPN,0.2671,15,0.3825847212436634,0.39677223563207453
2020-07-04,20200704T072619_20200704T073413_T38RPN,0.2063,24,-0.2908381191374669,-0.2559311141569725
2020-07-24,20200724T072619_20200724T073435_T38RPN,2.1783,14,-0.007544953186545248,0.012601473368708505
2020-07-29,20200729T072621_20200729T074050_T38RPN,0.2167,14,0.03502604651470884,0.03930910317450345
2020-08-03,20200803T072619_20200803T073526_T38RPN,0.1755,14,0.20302634052184493,0.23957137763493808
2020-08-13,20200813T072619_20200813T073935_T38RPN,0.9791,14,0.8160422660196881,0.8461706380136462
2020-08-18,20200818T072621_20200818T073707_T38RPN,0.2838,14,0.8764316107271698,0.9264100984731757
2020-08-23,20200823T072619_20200823T073150_T38RPN,0.2122,14,0.8377675772828876,0.9651537537577546
2020-08-28,20200828T072621_20200828T073152_T38RPN,0.3172,14,0.43419023983186406,0.4476388010616675
2020-09-04,20200904T071621_20200904T072138_T38RPN,0.0349437207677036,14,-0.29804308299348414,-0.28400990366928136
2020-09-07,20200907T072621_20200907T073151_T38RPN,0.3278,14,-0.04677133711290209,-0.02720890380441959
2020-09-12,20200912T072619_20200912T073659_T38RPN,0,14,-0.057564358377022645,-0.045340966433274545
2020-09-17,20200917T072621_20200917T073152_T38RPN,0,15,-0.2167078976133274,-0.16642396152015052
2020-09-22,20200922T072619_20200922T073147_T38RPN,0.2252,15,-0.51973829580676,-0.5039347708223902
2020-09-24,20200924T071631_20200924T072139_T38RPN,0,14,0.15449693531021216,0.19385020434861994
2020-09-27,20200927T072701_20200927T073151_T38RPN,0,15,-0.4878155621590035,-0.4869823753832469
2020-10-02,20201002T072729_20201002T073150_T38RPN,0,14,-0.366406264562811,-0.33706214603055734
2020-10-04,20201004T071741_20201004T072138_T38RPN,0.036571358494574,14,-0.3991452847305371,-0.375689864158605
2020-10-12,20201012T072839_20201012T073934_T38RPN,0.3811,14,-0.2591333710402229,-0.2513019442557617
2020-10-17,20201017T072921_20201017T073151_T38RPN,0.0109588222998597,14,-0.6908388733471074,-0.6750858116737779
2020-10-22,20201022T072949_20201022T073149_T38RPN,0.3106,14,0.005966409171639714,0.05058811232449305
2020-10-27,20201027T073021_20201027T073152_T38RPN,0.00671862402579952,14,-0.6124946638050649,-0.5915439128874151
2020-11-01,20201101T073049_20201101T073147_T38RPN,0.3348,14,-0.35605611524031977,-0.3328531384467854
2020-11-06,20201106T073111_20201106T073150_T38RPN,1.0069,14,-0.3751165231205103,-0.34223398566236884
2020-11-11,20201111T073139_20201111T073849_T38RPN,0.0225745767266864,14,-0.28668121454029527,-0.28192541003219695
2020-11-16,20201116T073201_20201116T073203_T38RPN,0.3374,14,-0.38955315501036636,-0.37575870752324547
2020-11-21,20201121T073219_20201121T073221_T38RPN,4.2608,14,-0.35976940566603155,-0.3547345697878843
2020-11-23,20201123T072231_20201123T072226_T38RPN,0,14,-0.3639822385533952,-0.3233414292334646
2020-11-26,20201126T073241_20201126T073240_T38RPN,4.1346,14,-0.4352968741650435,-0.4168978035448867
2020-12-06,20201206T073301_20201206T073304_T38RPN,0.8141,14,-0.3630100746551661,-0.3548187911509519
2020-12-11,20201211T073219_20201211T074003_T38RPN,0,15,-0.5336849791822654,-0.517823906104459
2020-12-31,20201231T073219_20201231T073222_T38RPN,0.10412374212428,14,-1.1122623411747068,-1.0164071088485718
2021-01-05,20210105T073311_20210105T073312_T38RPN,0,14,-1.1349055066848055,-1.1185859441760422
2021-01-10,20210110T073159_20210110T073904_T38RPN,0,14,-1.4360249190608683,-1.305920362472446
2021-01-12,20210112T072251_20210112T072250_T38RPN,0,15,-0.8515965987167304,-0.826804689785918
2021-01-20,20210120T073129_20210120T073147_T38RPN,0.0391770432082176,14,-0.26510614765574253,-0.25061938166611647
2021-01-22,20210122T072211_20210122T072214_T38RPN,0.0242050783330124,15,-0.6831260954394618,-0.6726858615873446
2021-01-25,20210125T073201_20210125T073204_T38RPN,0,14,-0.25036282793965164,-0.21202571690076882
2021-01-30,20210130T073049_20210130T073144_T38RPN,0.3514,14,0.10980742416772148,0.18831171095376664
2021-02-04,20210204T073111_20210204T073144_T38RPN,0.00928663143121622,14,0.03191064710236952,0.07474745810034374
2021-02-09,20210209T073009_20210209T073930_T38RPN,0.2085,14,-0.27622151188216826,-0.22607550024980222
2021-02-11,20210211T072021_20210211T072133_T38RPN,1.4445,14,0.13886577386716115,0.1451901197433954
2021-02-14,20210214T073011_20210214T073144_T38RPN,0.2604,14,-0.4623766761280845,-0.40290141105641086
2021-03-06,20210306T072751_20210306T073146_T38RPN,0.2254,15,-0.26871346512432664,-0.2547020614146505
2021-03-11,20210311T072719_20210311T073703_T38RPN,0.2209,14,-0.035146052049943526,-0.020378934219474114
2021-03-21,20210321T072619_20210321T073146_T38RPN,0.1808,14,0.23827542278911068,0.24416554835594628
2021-03-26,20210326T072611_20210326T073145_T38RPN,0.2492,14,0.31393872068185524,0.32486990094194224
2021-03-31,20210331T072619_20210331T073145_T38RPN,0,14,0.4287564021958973,0.4511923193932878
2021-04-20,20210420T072609_20210420T073142_T38RPN,0,14,0.8990320825209182,0.9275419712069319
2021-04-25,20210425T072611_20210425T073144_T38RPN,0.276,14,0.4124816948153474,0.46219163013743825
2021-04-30,20210430T072609_20210430T073143_T38RPN,0.0725,14,0.28011232211196674,0.2974810302258394
2021-05-05,20210505T072611_20210505T074015_T38RPN,0,14,-0.1082108166544878,-0.06416750699279977
2021-05-10,20210510T072619_20210510T073822_T38RPN,0.0097,15,0.11054668009061008,0.16607850790028583
2021-05-25,20210525T072621_20210525T073148_T38RPN,2.342,14,0.1939650649307583,0.2231939170833424
2021-05-30,20210530T072619_20210530T073148_T38RPN,0.0198,14,-0.41507393238117846,-0.3816358243459579
2021-06-04,20210604T072621_20210604T073148_T38RPN,0.0444,14,-0.15174546671249112,-0.13274092439707097
2021-06-09,20210609T072619_20210609T073839_T38RPN,0.0112,14,0.10830406468107118,0.11304121464494646
2021-06-14,20210614T072621_20210614T073148_T38RPN,0.0084,13,0.9074057589014226,0.9280557036399215
2021-06-24,20210624T072621_20210624T073148_T38RPN,0.0609,14,0.660351409957293,0.7414788603784788
2021-07-04,20210704T072621_20210704T073150_T38RPN,0.0715,14,1.8374895040724706,1.9048119783406972
2021-07-09,20210709T072619_20210709T073706_T38RPN,0.0584,14,2.1650279683089426,2.2465353012091427
2021-07-19,20210719T072619_20210719T073149_T38RPN,2.4421,14,0.31308610577326074,0.3273246586323872
2021-07-24,20210724T072621_20210724T073151_T38RPN,0,14,1.6463160847870046,1.669028997421745
2021-08-03,20210803T072621_20210803T073150_T38RPN,0.0465,15,1.9516424524054081,1.9567384367829932
2021-08-08,20210808T072619_20210808T073839_T38RPN,0.1475,15,1.5639654597163912,1.6030151247982825
2021-08-18,20210818T072619_20210818T073147_T38RPN,0.1134,14,1.2355362502427767,1.2404835224155732
2021-08-23,20210823T072621_20210823T074028_T38RPN,0.027,14,0.9802250791547612,0.9956736564633568
2021-08-28,20210828T072619_20210828T073145_T38RPN,0.1801,14,1.3897141777383872,1.4295332431797327
2021-09-07,20210907T072609_20210907T073555_T38RPN,0.0478,14,1.1378587204240438,1.1416570595471185
2021-09-12,20210912T072621_20210912T073148_T38RPN,0.9513,14,1.35431753123624,1.4170297384261128
2021-09-17,20210917T072609_20210917T073143_T38RPN,2.0518,14,1.4487257037580787,1.4868195056920221
2021-09-22,20210922T072621_20210922T073150_T38RPN,0.0738,14,1.5220151748244135,1.5537607669835483
2021-09-27,20210927T072649_20210927T073145_T38RPN,0.1859,14,1.6097461058802542,1.6634306907658596
2021-10-02,20211002T072731_20211002T073151_T38RPN,0.1759,14,1.552642486353504,1.560228228569549
2021-10-07,20211007T072759_20211007T073855_T38RPN,0.0818,14,1.1417884861870924,1.1722055673598453
2021-10-12,20211012T072841_20211012T073151_T38RPN,0.0949,14,1.2503700048629134,1.2642598152164843
2021-10-17,20211017T072909_20211017T073146_T38RPN,0.0736,14,1.4003821005328918,1.4175081253055837
2021-10-22,20211022T072951_20211022T073151_T38RPN,0.0729791871957956,15,1.2183569217259205,1.253643631935536
2021-10-24,20211024T071949_20211024T072135_T38RPN,0.253,14,1.1279503407642129,1.172742605209688
2021-10-27,20211027T073019_20211027T073147_T38RPN,0,15,1.5317433078619198,1.546455442905871
2021-11-01,20211101T073051_20211101T073150_T38RPN,0.0869,15,0.8180711383637616,0.8271145820620056
2021-11-06,20211106T073019_20211106T073851_T38RPN,0.055,14,0.8032236128091524,0.8049185872080615
2021-11-11,20211111T073141_20211111T073147_T38RPN,0.0189,14,1.2356900718457766,1.276638269424806
2021-11-21,20211121T073221_20211121T073219_T38RPN,0.0067,14,0.5988132769084504,0.6184142827989451
2021-11-26,20211126T073139_20211126T073143_T38RPN,0.0076,14,0.5644412440463492,0.6050903201104951
2021-12-01,20211201T073251_20211201T073253_T38RPN,0.1348,14,0.7768657072380045,0.8123084902766065
2021-12-06,20211206T073209_20211206T073959_T38RPN,0.7743,13,0.6615698769977647,0.726970672607631
2022-01-05,20220105T073209_20220105T073918_T38RPN,0.5238,14,1.2510903106187243,1.3008974790576864
2022-01-10,20220110T073301_20220110T073302_T38RPN,0,14,1.5131875016542846,1.5166888237003877
2022-01-20,20220120T073231_20220120T073226_T38RPN,2.4802,13,0.9317626930154245,0.9327456951144456
2022-01-25,20220125T073109_20220125T073932_T38RPN,0,15,1.0642539343647992,1.0705640316012601
2022-02-04,20220204T073009_20220204T073142_T38RPN,0,14,1.321936472666705,1.3323588371275956
2022-02-09,20220209T073041_20220209T073510_T38RPN,0,14,0.9003636379105645,0.950165987015044
2022-02-19,20220219T072941_20220219T073147_T38RPN,0,14,1.7310718383654815,1.7562217712407397
2022-02-24,20220224T072859_20220224T074124_T38RPN,0,14,1.3861945807031888,1.4157443046573899
2022-03-01,20220301T072831_20220301T073149_T38RPN,1.74693182836155,14,1.2745011028796158,1.3005975484851766
2022-03-16,20220316T072639_20220316T073144_T38RPN,0,14,1.7796959913504626,1.796632409096361
2022-03-26,20220326T072609_20220326T073144_T38RPN,0,14,1.8659310842812613,1.895801986704761
2022-03-31,20220331T072621_20220331T073149_T38RPN,0.0297112484696468,15,1.5092812313406256,1.5347018241881287
2022-04-10,20220410T072621_20220410T073149_T38RPN,0.463077428409328,14,2.1200623870075113,2.1955790519720675
2022-04-30,20220430T072621_20220430T073152_T38RPN,0,14,1.7784219909455519,1.8038636446005138
2022-05-05,20220505T072609_20220505T073142_T38RPN,4.06085580339813,14,2.497874655547115,2.5270364431143815
2022-05-10,20220510T072621_20220510T073151_T38RPN,0,14,2.6301878934808545,2.643857717513331
2022-05-20,20220520T072621_20220520T073153_T38RPN,0,14,2.3912764505196584,2.4287643558030445
2022-05-25,20220525T072619_20220525T073147_T38RPN,0,14,3.474967303566544,3.4952971935282275
2022-05-30,20220530T072621_20220530T073155_T38RPN,0,14,2.132904477003,2.1716150309019038
2022-06-04,20220604T072619_20220604T073147_T38RPN,0.010510914031473,14,1.8373368249549649,1.8594975471501933
2022-06-09,20220609T072621_20220609T073156_T38RPN,0,14,1.7443329155783436,1.750819087029085
2022-06-14,20220614T072619_20220614T073150_T38RPN,0.0327271641434501,15,2.028792164347218,2.035570144653906
2022-06-19,20220619T072631_20220619T073159_T38RPN,0.00773388276747589,15,2.0784522145704996,2.1022958755499213
2022-06-24,20220624T072619_20220624T073152_T38RPN,2.93457553226433,15,1.8907654191292813,1.902769866158773
2022-06-29,20220629T072631_20220629T073200_T38RPN,0.0743826331034071,14,1.5285608696409796,1.5347492694859153
2022-07-04,20220704T072619_20220704T073152_T38RPN,0.0470303681805966,14,1.6238609703093987,1.6260795593266397
2022-07-06,20220706T071631_20220706T072028_T38RPN,0.482263977888838,14,2.1835946305201284,2.1993176937110577
2022-07-09,20220709T072631_20220709T074256_T38RPN,2.19242100515119,14,1.7822470656455571,1.784180641174909
2022-08-03,20220803T072619_20220803T073152_T38RPN,0,14,1.769253301155711,1.8115029243343814
2022-08-08,20220808T072631_20220808T073159_T38RPN,0,14,1.0345884296008443,1.078171730041814
2022-08-18,20220818T072631_20220818T073200_T38RPN,2.86673235987936,14,2.2254119776448085,2.272076606751142
2022-08-23,20220823T072619_20220823T073821_T38RPN,3.01221296545134,14,1.8755747862903307,1.8780796527868788
2022-08-28,20220828T072631_20220828T073200_T38RPN,0.167756576786407,14,1.8159185466507062,1.8614603281019861
2022-09-02,20220902T072619_20220902T073148_T38RPN,0.100898802591896,15,1.2505633837950905,1.2581369876865751
2022-09-04,20220904T071631_20220904T072146_T38RPN,0.386891143141269,14,1.4116793518426751,1.449926137924676
2022-09-07,20220907T072631_20220907T073159_T38RPN,0,15,1.4157699471812848,1.417282700539106
2022-09-12,20220912T072619_20220912T073149_T38RPN,0.0574218400071665,15,1.255382825990477,1.2788841724399433
2022-09-17,20220917T072621_20220917T073156_T38RPN,0.0989578667622204,15,0.8498369421284507,0.9177852272984912
2022-09-22,20220922T072619_20220922T073821_T38RPN,0.419033115351309,14,0.75306295519608,0.7610765099527642
2022-09-27,20220927T072701_20220927T073153_T38RPN,0.016363582071725,14,0.8895430047640314,0.9006045460703981
2022-10-02,20221002T072719_20221002T073145_T38RPN,0.088506673833199,14,1.0419419006370303,1.0516096353534377
2022-10-07,20221007T072801_20221007T073151_T38RPN,0.06814177789722,14,0.8950315790160234,0.9123592376712015
2022-10-12,20221012T072829_20221012T073143_T38RPN,0.0617814804861298,14,1.207524974059101,1.265917301178399
2022-10-17,20221017T072911_20221017T073149_T38RPN,0.12857953357819,14,1.0048229287089645,1.107737898826918
2022-10-22,20221022T072939_20221022T073144_T38RPN,0.111439577174595,14,1.1136223416606545,1.1935305595401384
2022-11-16,20221116T073201_20221116T073158_T38RPN,0.0249932813759742,14,1.2087238155790245,1.213334321976111
2022-11-21,20221121T073129_20221121T073145_T38RPN,0.00856997820179761,14,0.8133567569317133,0.8456206321719117
2022-11-26,20221126T073241_20221126T073235_T38RPN,1.72441697273732,14,1.0019569483867283,1.002460241318082
2022-12-06,20221206T073311_20221206T073305_T38RPN,3.95135716205321,15,0.6537868944463471,0.7806292772291004
2022-12-11,20221211T073219_20221211T073217_T38RPN,0,15,0.3114381280172686,0.40341922640812083
2022-12-21,20221221T073229_20221221T073228_T38RPN,0.0160351160082415,14,0.47591782642444536,0.4890552759172157
2023-01-20,20230120T073129_20230120T073142_T38RPN,0,14,1.261844513434546,1.3020646572117363
2023-02-04,20230204T073111_20230204T073146_T38RPN,1.566723401714,14,1.2431152822050582,1.2443978786472087
2023-02-14,20230214T073011_20230214T073142_T38RPN,0.925378482486787,15,1.5396905252617972,1.540526509285485
2023-02-24,20230224T072911_20230224T073144_T38RPN,0,15,1.05818038175069,1.058566093445176
2023-03-11,20230311T072729_20230311T073151_T38RPN,3.90973155364448,14,0.6440237788847983,0.6816909313204169
2023-03-16,20230316T072641_20230316T073144_T38RPN,0,14,1.4459215697472108,1.5421977043156294
2023-03-21,20230321T072619_20230321T073150_T38RPN,0,14,1.6583947280031905,1.728833581076915
2023-04-12,20230412T071621_20230412T072134_T38RPN,0.0434462546460405,14,1.770991746673934,1.772423744202249
2023-04-30,20230430T072619_20230430T073149_T38RPN,0,15,1.8279268655427607,1.8450750112539698
2023-05-05,20230505T072621_20230505T073147_T38RPN,0,15,1.8574654496224738,1.858924627304612
2023-05-10,20230510T072619_20230510T073150_T38RPN,0.820657529337992,14,1.5320533176280373,1.5380800962452548
2023-05-22,20230522T071621_20230522T073216_T38RPN,0.597229495031797,14,1.9685726771684895,1.9856510162360113
2023-06-04,20230604T072621_20230604T073150_T38RPN,0.768132819731852,14,1.9369470182246151,1.9499382972723762
2023-06-09,20230609T072619_20230609T073151_T38RPN,0.0116157544268267,14,1.9806953452217049,2.050447940827006
2023-06-14,20230614T072621_20230614T073151_T38RPN,3.05413717937233,14,2.249875703663361,2.296870708466339
2023-06-19,20230619T072619_20230619T073151_T38RPN,0.037922900056735,14,2.4774601555735036,2.518588542939069
2023-06-29,20230629T072619_20230629T073556_T38RPN,0.10355639165099,14,2.5653281311292675,2.629611492157856
2023-07-04,20230704T072621_20230704T073148_T38RPN,0.0942697602197737,14,1.8327815491069155,1.8782296180730502
2023-07-09,20230709T072619_20230709T073152_T38RPN,0.0813401415390128,14,1.8878602809463596,1.9048404693609844
2023-07-19,20230719T072619_20230719T073152_T38RPN,0.0252321657857804,15,1.4677788834287868,1.4830929040913081
2023-07-29,20230729T072619_20230729T073152_T38RPN,0.112245812057691,15,1.0425772432164673,1.0759591079094892
2023-08-03,20230803T072621_20230803T073152_T38RPN,0.105766072441697,14,1.0808058868017356,1.0876091718677319
2023-08-08,20230808T072619_20230808T074230_T38RPN,0.2252082773448,14,1.2299246192287325,1.238642811775619
2023-08-13,20230813T072621_20230813T073503_T38RPN,0.0513900086595599,14,0.7614306981156571,0.852060139179475
2023-08-18,20230818T072619_20230818T073626_T38RPN,0.0470602287318224,14,1.0366842333411692,1.0647472143176282
2023-08-23,20230823T072621_20230823T073913_T38RPN,0.109170175281436,14,1.3593856082166973,1.4292960166935265
2023-08-28,20230828T072619_20230828T073209_T38RPN,0.106124399056407,14,1.1817705123231625,1.2152538299564044
2023-09-02,20230902T072621_20230902T073908_T38RPN,0.42849891008988,14,1.6760293123023642,1.723383188248253
2023-09-07,20230907T072619_20230907T073621_T38RPN,0.178386933022784,14,1.9179347243997962,2.003510951996426
2023-09-12,20230912T072621_20230912T073904_T38RPN,0.0716951834930873,14,1.298844814061784,1.360455036163782
2023-09-22,20230922T072621_20230922T073144_T38RPN,0.846128579533578,14,1.5839019249636033,1.610725283623205
2023-09-27,20230927T072649_20230927T073147_T38RPN,0.117322105766072,14,0.9999483855287613,1.102444410324414
2023-10-02,20231002T072731_20231002T073145_T38RPN,0.127653856490191,14,1.2014097448888548,1.2068119049076274
2023-10-07,20231007T072759_20231007T073144_T38RPN,0.173191197109499,14,1.1266580244954136,1.127791130550468
2023-10-12,20231012T072831_20231012T073141_T38RPN,0.208516229209591,15,1.251195601483961,1.2541934251789444
2023-10-17,20231017T072909_20231017T073146_T38RPN,0.139777240287856,15,0.9529519498756448,0.9590983092787642
2023-10-22,20231022T072941_20231022T073144_T38RPN,0.174952969631819,15,0.6760605951183014,0.7065357565879344
2023-10-27,20231027T073009_20231027T073145_T38RPN,0.320164830242766,14,-0.06733783001533118,0.06876076012851787
2023-11-21,20231121T073211_20231121T073213_T38RPN,1.55564513720923,14,0.5124409077971005,0.5693597197534292
2023-12-01,20231201T073241_20231201T073244_T38RPN,0,14,0.7729030614101556,0.826787233352899
2023-12-16,20231216T073229_20231216T073226_T38RPN,0,14,1.0956685933496437,1.1153205633167158
2023-12-21,20231221T073321_20231221T073321_T38RPN,0,14,0.840276224203273,0.8428307175638717
2023-12-26,20231226T073229_20231226T073231_T38RPN,0.0519872196840754,14,0.7059203955087683,0.7364516258242192
2024-01-05,20240105T073219_20240105T073216_T38RPN,0.504792618471737,15,0.7023027983889703,0.7145627815343683
2024-01-20,20240120T073221_20240120T073222_T38RPN,4.20800859983875,14,0.3776399925770384,0.41091316938389283
2024-02-09,20240209T073051_20240209T073143_T38RPN,0.15091522589507,14,1.0838053591553825,1.133903861046214
2024-02-24,20240224T072909_20240224T073143_T38RPN,0.336379109558362,14,1.5851456982338075,1.630146503449028
2024-02-29,20240229T072841_20240229T073147_T38RPN,0.0206635014482367,14,1.4743208653828237,1.5000047683720137
2024-03-10,20240310T072721_20240310T073146_T38RPN,0,14,2.309180745017657,2.3218414783484467
2024-04-04,20240404T072609_20240404T073144_T38RPN,0,14,0.9159868736844567,0.9168878197673028
2024-04-14,20240414T072619_20240414T073147_T38RPN,0.187046492878259,14,1.0015691513528098,1.0169936089374934
2024-04-19,20240419T072621_20240419T073150_T38RPN,0,14,1.427838779718635,1.430509686470507
2024-04-24,20240424T072619_20240424T073145_T38RPN,0,14,2.167551305046283,2.1841130981452737
2024-05-04,20240504T072619_20240504T073147_T38RPN,0,14,1.8791104374871852,1.917388002247451
2024-05-09,20240509T072621_20240509T073149_T38RPN,0.00746513780644391,14,2.1062495374930057,2.1640983530134124
2024-05-14,20240514T072619_20240514T073959_T38RPN,4.36883752874078,14,2.084118654236181,2.101238489151606
2024-05-19,20240519T072621_20240519T073503_T38RPN,0,14,2.2733465883873647,2.2995109558113107
2024-05-24,20240524T072619_20240524T073750_T38RPN,0.00773388276747589,14,1.9567546186108211,2.0138072967535092
2024-05-29,20240529T072731_20240529T073929_T38RPN,0.00791304607483054,14,1.594599223533393,1.6032859086995683
2024-06-03,20240603T072619_20240603T073148_T38RPN,0.0378930395055093,15,1.6884162053960876,1.7021750211720597
2024-06-08,20240608T072621_20240608T074154_T38RPN,0.0318612081579026,15,1.623867249899439,1.625627875328604
2024-06-13,20240613T072619_20240613T073150_T38RPN,1.93932335990922,15,1.5163865605281908,1.5170649886136327
2024-06-15,20240615T071621_20240615T072358_T38RPN,0.414947949979872,14,2.7294588888541687,2.791808605194895
2024-06-18,20240618T072621_20240618T074129_T38RPN,0.00671862402579952,14,0.6812639722501028,0.6996307373048888
2024-06-23,20240623T072619_20240623T073149_T38RPN,0,14,1.0728728578906177,1.124682307243671
2024-06-28,20240628T072621_20240628T073952_T38RPN,0.0481949296784019,14,1.362980350517669,1.3693828582768222
2024-07-03,20240703T072619_20240703T073150_T38RPN,0.0543163426796859,14,1.4889337531723996,1.560217261314841
2024-07-08,20240708T072621_20240708T073143_T38RPN,0.0200065693212697,14,1.757441129824848,1.852002739906844
2024-08-02,20240802T072619_20240802T073147_T38RPN,0.118725551673684,14,2.30924407162506,2.437474012375579
2024-08-12,20240812T072619_20240812T073209_T38RPN,1.22529785899848,12,1.3426582591801806,1.378573179245392
2024-08-22,20240822T072619_20240822T073204_T38RPN,0.139836961390307,15,1.210000264702073,1.2403561458079766
2024-09-01,20240901T072619_20240901T073200_T38RPN,0.149422198333781,15,1.108430255155523,1.118571400642717
2024-09-06,20240906T072621_20240906T073444_T38RPN,0.168712114425632,15,1.1293512064050946,1.1623989343646532
2024-09-11,20240911T072619_20240911T073202_T38RPN,3.00773388276748,14,0.6426404367462955,0.6554607748987177
2024-09-16,20240916T072611_20240916T073320_T38RPN,0.107856311027502,14,0.9382523568060376,0.9457418322565893
2024-09-21,20240921T072609_20240921T073750_T38RPN,0.886470184239601,14,1.039239923125839,1.0540270805362388
2024-09-26,20240926T072651_20240926T073954_T38RPN,0.131386425393413,14,1.4347482504604037,1.439991116524221
2024-10-01,20241001T072629_20241001T073146_T38RPN,0.0339215861924811,14,1.6126255720022022,1.627681136131755
2024-10-06,20241006T072801_20241006T073143_T38RPN,0.0702917375854758,14,1.2954359320934272,1.363530158997035
2024-10-11,20241011T072739_20241011T073716_T38RPN,0.7873032936188,14,1.2988245601835706,1.3514246940617283
2024-10-16,20241016T072901_20241016T073146_T38RPN,0.086506016901072,14,1.1909228658878455,1.2536412477496894
2024-10-21,20241021T072849_20241021T073144_T38RPN,0.0353847532025441,14,0.8489237384955618,0.9325072765353439
2024-11-05,20241105T073101_20241105T073141_T38RPN,0,14,0.9698078233041496,0.9797793626788532
2024-11-10,20241110T073039_20241110T073142_T38RPN,0.00671862402579952,14,0.867700203648251,0.9058549404146894
2024-11-15,20241115T073151_20241115T073154_T38RPN,0.0165128848278539,14,0.7593605942715045,0.7665561437609358
2024-11-20,20241120T073119_20241120T073950_T38RPN,0.00922691032876467,15,0.646283155650941,0.6491276066230642
2024-11-30,20241130T073159_20241130T073159_T38RPN,0.285496730269641,15,0.796814643971169,0.8540309667590117
2024-12-05,20241205T073301_20241205T073546_T38RPN,0.0121532443488907,14,0.33640770530800396,0.35959976911555147
2024-12-20,20241220T073229_20241220T073231_T38RPN,0.0136164113589537,14,0.8673269655802313,0.9376120567324475
2024-12-25,20241225T073331_20241225T073325_T38RPN,0.00746513780644391,14,0.707388599815468,0.7499205470087302
2025-01-09,20250109T073209_20250109T073205_T38RPN,3.94523574905193,14,0.40727213638460347,0.4394930303098231
2025-01-14,20250114T073251_20250114T073246_T38RPN,0.0884768132819732,14,0.9334090865084048,0.9490237236026101
2025-01-19,20250119T073129_20250119T073950_T38RPN,0,14,0.97325304008265,0.9897450208666788
2025-01-24,20250124T073241_20250124T074106_T38RPN,1.30180059123891,14,0.6853037343646058,0.6918474435808573
2025-02-08,20250208T072959_20250208T073146_T38RPN,0,15,1.4134022236885058,1.428569912910936
2025-03-15,20250315T072711_20250315T073519_T38RPN,0,14,1.1512309128218023,1.1862475872043208
2025-03-17,20250317T073021_20250317T073023_T38RPN,0,15,0.5571022450158801,0.5690440535546987
2025-03-30,20250330T072619_20250330T073147_T38RPN,1.13983696139031,14,1.938832196543713,1.9712027311331621
2025-04-09,20250409T072619_20250409T073148_T38RPN,0,14,1.5482709440307534,1.574712983296681
2025-04-14,20250414T072641_20250414T074040_T38RPN,0.168383648362149,14,1.6167883096437494,1.6354496479039131
2025-04-24,20250424T072641_20250424T074135_T38RPN,0.0072262533966377,15,1.787185555640515,1.8021626472478331
2025-04-29,20250429T072619_20250429T073148_T38RPN,2.43933829018484,15,1.3140377488074122,1.3191145658497423
2025-05-01,20250501T071641_20250501T073022_T38RPN,3.75072319499039,14,1.9869714909592358,2.046260356903756
2025-05-09,20250509T072619_20250509T074216_T38RPN,0,14,2.0510399547154927,2.0602295398719
2025-05-14,20250514T072631_20250514T074042_T38RPN,0.0295320851622921,14,1.7155429678556724,1.7178018093114837
2025-05-16,20250516T073031_20250516T073441_T38RPN,0.136641882409149,14,1.8091539602913946,1.8187780380255065
2025-05-24,20250524T072631_20250524T073832_T38RPN,0.0202753142823016,14,1.8891750598647028,1.9199337959295928
2025-06-03,20250603T072641_20250603T073203_T38RPN,0.094628086834483,14,2.087539939562323,2.122268438339844
2025-06-05,20250605T073031_20250605T073443_T38RPN,0.065603631043029,14,1.568603541530119,1.5715163946156954
2025-06-08,20250608T072619_20250608T073146_T38RPN,0.140075845800113,14,2.0206949754765247,2.116804361344087
2025-06-13,20250613T072631_20250613T073202_T38RPN,0.132282241930186,14,2.2764614316135314,2.341984033585269
2025-06-18,20250618T072619_20250618T073942_T38RPN,2.61444056257279,14,2.130744672188361,2.1577100753791347
2025-06-23,20250623T072631_20250623T073955_T38RPN,0.0995252172355102,14,1.9835568295692867,2.0421795845037614
2025-07-03,20250703T072641_20250703T073357_T38RPN,0.0393860670667981,15,1.8420647661439729,1.855246663094183
2025-07-15,20250715T073031_20250715T073445_T38RPN,0.152975603929649,14,2.2544132140087227,2.331873655319885
2025-07-18,20250718T072619_20250718T073543_T38RPN,0.124936546328645,14,1.2706877758918997,1.279115689053497
2025-07-20,20250720T071641_20250720T073136_T38RPN,0.652117980520106,14,2.403036026896549,2.4688997268683863
2025-07-28,20250728T072619_20250728T073147_T38RPN,0.257039624951477,14,1.034439479319699,1.0944849252703954
2025-08-02,20250802T072641_20250802T073655_T38RPN,0.071336856878378,14,1.126232267000336,1.138294100761741
2025-08-04,20250804T073031_20250804T073952_T38RPN,0.0938517125026128,15,1.8102452301218115,1.829640984535825
2025-08-07,20250807T072619_20250807T073148_T38RPN,1.05234554629878,14,0.6758779662579361,0.7247053384782969
2025-08-12,20250812T072631_20250812T073441_T38RPN,0,14,0.8588828256177533,0.9076505303385486
2025-08-17,20250817T072619_20250817T074217_T38RPN,0.809609125384455,14,1.145343148546411,1.1659104824069517
2025-08-24,20250824T073021_20250824T073440_T38RPN,0.0674251246678014,14,0.8628170795105424,0.8637501597407349
2025-09-01,20250901T072631_20250901T073657_T38RPN,0.555465973901878,14,1.8456921360274012,1.8609526157384506
2025-09-06,20250906T072619_20250906T073608_T38RPN,0.13550718146257,14,1.109914925785594,1.1297578811648759
2025-09-13,20250913T073021_20250913T073439_T38RPN,0.115052703872913,14,0.8161776684573452,0.8367323875429654
2025-09-16,20250916T072609_20250916T073741_T38RPN,0.177102929320075,14,1.6412986382173411,1.6472842693334329
2025-09-21,20250921T072631_20250921T073428_T38RPN,0.0571232344949088,13,1.1058908861327243,1.2028840780257366
2025-09-26,20250926T072619_20250926T073146_T38RPN,0.625250082116516,15,1.128145291440322,1.1491397102666685
2025-10-03,20251003T073031_20251003T073442_T38RPN,0.165367732688345,14,1.444722974091348,1.556044816971273
2025-10-11,20251011T072841_20251011T074011_T38RPN,0.149601361641136,15,0.8853050372949185,0.8878525069607899
2025-10-16,20251016T072809_20251016T073726_T38RPN,0.158768550867449,14,0.895486976032775,0.9409556984904136
2025-10-21,20251021T072951_20251021T074039_T38RPN,0.152288811251456,14,0.6259359593860057,0.6290258765222732
2025-10-23,20251023T073031_20251023T073442_T38RPN,0.161456000477769,14,1.17022257298579,1.185852050781644
2025-10-26,20251026T072909_20251026T073143_T38RPN,0.17650571829556,14,0.8636903072852739,0.8841908629911366
2025-10-31,20251031T073051_20251031T074036_T38RPN,0.438651497506644,14,0.6619486456007244,0.684908688068587
2025-11-10,20251110T073141_20251110T074034_T38RPN,0.663023679417122,14,0.5320043970145413,0.567412137985418
2025-11-20,20251120T073231_20251120T074040_T38RPN,0.143121622025143,14,1.0237092603766966,1.0892251729968827
2025-11-25,20251125T073139_20251125T073137_T38RPN,0.0896413747797784,14,0.8286554636202734,0.8382640480997591
2025-11-27,20251127T072251_20251127T073209_T38RPN,0.446632379091603,14,0.3900922421079168,0.4136969149113892
2025-12-05,20251205T073209_20251205T073205_T38RPN,0.1058855146466,14,0.438028132995185,0.446282893419414
2025-12-22,20251222T073341_20251222T073444_T38RPN,3.34005195735913,14,1.0481420286072278,1.049635887146298
2025-12-30,20251230T073331_20251230T074157_T38RPN,0,15,1.1580785104371145,1.1836757659916042
2026-01-04,20260104T073219_20260104T074234_T38RPN,0,14,0.7748825771103393,0.7808977365496368
2026-01-09,20260109T073311_20260109T074136_T38RPN,0.0134073875003733,14,0.9160439636314529,0.9327254295351806
2026-01-29,20260129T073141_20260129T074013_T38RPN,0,14,1.6647886429445187,1.7154389619832968
2026-02-08,20260208T073051_20260208T074027_T38RPN,0.0213801546776554,14,1.600158286867588,1.640299081802913
2026-02-13,20260213T072919_20260213T073923_T38RPN,0,14,1.500135858766084,1.5499124526982
2026-02-13,20260213T074301_20260213T074302_T38RPN,0,14,1.500135858766084,1.5499124526982
2026-02-23,20260223T072809_20260223T073706_T38RPN,1.30186031234137,14,1.4281452466305096,1.4501968622211814
2026-02-23,20260223T074311_20260223T074305_T38RPN,0.0476873003075637,14,1.4281452466305096,1.4501968622211814
2026-02-28,20260228T072841_20260228T074026_T38RPN,1.09361282809281,14,1.1651074107206056,1.1684104204181218
2026-03-22,20260322T073031_20260322T073447_T38RPN,0.329361880020305,14,1.902476537972965,2.006685256958585
2026-03-25,20260325T072609_20260325T073824_T38RPN,0,14,1.8937042197569098,1.897292733193074
2026-03-27,20260327T071621_20260327T073110_T38RPN,0.0389359952973127,14,1.9259135446846802,1.953428240881272
